priority_rank,lane,outlet_id,outlet_name,outlet_type,region,city,rep_id,rep_name,churn_probability,risk_tier,revenue_at_stake_m,expected_loss_m,recency_days,reason_1,reason_2,reason_3,action
1.0000,Revenue lane,OUT-10696,Swalayan Barokah Pekalongan 1,Supermarket,Jawa Tengah,Pekalongan,SR-JTG-05,Budi,0.7302,High,528.0440,385.5734,40,No order for 40 days,Pays 12 days late on average,No rep visit for 57 days,Call this week to confirm next order; check shelf stock
2.0000,Revenue lane,OUT-12299,Supermarket Barokah Depok,Supermarket,Jabodetabek,Depok,SR-JKT-04,Dewi,0.1767,Medium,992.7240,175.3990,7,No rep visit on record,Pays 8 days late on average,0 rep visits in 60 days,Book a rep visit within 7 days
3.0000,Revenue lane,OUT-11308,Swalayan Bahagia Sidoarjo,Supermarket,Jawa Timur,Sidoarjo,SR-JTM-06,Lukman,0.2204,Medium,777.5120,171.3445,14,No order for 14 days,Pays 12 days late on average,4 complaint(s) in 90 days,Call this week to confirm next order; check shelf stock
4.0000,Revenue lane,OUT-12380,Swalayan Tunas Baru Sidoarjo,Supermarket,Jawa Timur,Sidoarjo,SR-JTM-01,Gita,0.5621,High,286.5120,161.0447,33,No order for 33 days,Pays 9 days late on average,Only 7 orders in 90 days (typical healthy: 10),Call this week to confirm next order; check shelf stock
5.0000,Revenue lane,OUT-11425,UD Segar Jaya Cirebon,Grosir,Jawa Barat,Cirebon,SR-JBR-07,Dimas,0.6598,High,232.1680,153.1907,47,No order for 47 days,Pays 14 days late on average,Only 6 orders in 90 days (typical healthy: 10),Call this week to confirm next order; check shelf stock
6.0000,Revenue lane,OUT-10697,Toko Grosir Setia Kawan,Grosir,Jawa Timur,Kediri,SR-JTM-07,Maya,0.5094,High,266.6640,135.8458,42,No order for 42 days,Pays 9 days late on average,No rep visit for 107 days,Call this week to confirm next order; check shelf stock
7.0000,Revenue lane,OUT-10998,Supermarket Damai 5,Supermarket,Jabodetabek,Bogor,SR-JKT-13,Maya,0.1857,Medium,731.1000,135.7579,22,No order for 22 days,Pays 8 days late on average,1 rep visits in 60 days,Call this week to confirm next order; check shelf stock
8.0000,Revenue lane,OUT-11005,Swalayan Maju Jaya Gresik,Supermarket,Jawa Timur,Gresik,SR-JTM-05,Kartika,0.9671,High,112.3480,108.6569,69,No order for 69 days,Only 2 orders in 90 days (typical healthy: 10),Pays 22 days late on average,Call this week to confirm next order; check shelf stock
9.0000,Revenue lane,OUT-10979,Toko Grosir Makmur Semarang,Grosir,Jawa Tengah,Semarang,SR-JTG-03,Lestari,0.5358,High,196.9320,105.5181,42,No order for 42 days,No rep visit for 140 days,Pays 8 days late on average,Call this week to confirm next order; check shelf stock
10.0000,Revenue lane,OUT-10061,Grosir Bintang Timur Gresik,Grosir,Jawa Timur,Gresik,SR-JTM-07,Maya,0.4969,High,200.6840,99.7150,51,No order for 51 days,3 complaint(s) in 90 days,Only 7 orders in 90 days (typical healthy: 10),Call this week to confirm next order; check shelf stock
11.0000,Revenue lane,OUT-10749,Toko Grosir Karya Mandiri Gresik 1,Grosir,Jawa Timur,Gresik,SR-JTM-09,Putri,0.3021,Medium,298.0720,90.0439,46,No order for 46 days,Only 6 orders in 90 days (typical healthy: 10),No rep visit for 187 days,Call this week to confirm next order; check shelf stock
12.0000,Revenue lane,OUT-10391,UD Damai Kediri,Grosir,Jawa Timur,Kediri,SR-JTM-03,Indra,0.3382,Medium,242.6480,82.0629,8,Pays 23 days late on average,Only 7 orders in 90 days (typical healthy: 10),No order for 8 days,Agree a payment plan with Finance before pushing new stock
13.0000,Revenue lane,OUT-12530,Swalayan Segar Jaya Malang,Supermarket,Jawa Timur,Malang,SR-JTM-03,Indra,0.1490,Low,542.8240,80.8697,12,No order for 12 days,Pays 8 days late on average,Jawa Timur: regional churn running high,Call this week to confirm next order; check shelf stock
14.0000,Revenue lane,OUT-11792,Grosir Cahaya,Grosir,Jawa Barat,Cimahi,SR-JBR-09,Hadi,0.3757,High,208.1320,78.1999,31,No order for 31 days,Only 4 orders in 90 days (typical healthy: 10),Pays 10 days late on average,Call this week to confirm next order; check shelf stock
15.0000,Revenue lane,OUT-11486,Supermarket Lancar Barat,Supermarket,Jabodetabek,Jakarta Barat,SR-JKT-16,Rizky,0.1060,Low,674.0000,71.4568,15,No order for 15 days,Pays 11 days late on average,Revenue -69% vs prior 90 days,Call this week to confirm next order; check shelf stock
16.0000,Revenue lane,OUT-11451,Supermarket Makmur Malang,Supermarket,Jawa Timur,Malang,SR-JTM-10,Rizky,0.0840,Low,824.4160,69.2610,8,Pays 11 days late on average,No order for 8 days,Jawa Timur: regional churn running high,Agree a payment plan with Finance before pushing new stock
17.0000,Revenue lane,OUT-10054,Toko Grosir Mekar Sari Surabaya 4,Grosir,Jawa Timur,Surabaya,SR-JTM-04,Joko,0.6734,High,102.0520,68.7254,64,No order for 64 days,Only 3 orders in 90 days (typical healthy: 10),No rep visit for 75 days,Call this week to confirm next order; check shelf stock
18.0000,Revenue lane,OUT-11650,Toko Grosir Berkah,Grosir,Jawa Timur,Gresik,SR-JTM-04,Joko,0.8739,High,78.0680,68.2230,54,No order for 54 days,Pays 27 days late on average,Only 4 orders in 90 days (typical healthy: 10),Call this week to confirm next order; check shelf stock
19.0000,Revenue lane,OUT-10078,UD Pelita,Grosir,Jawa Timur,Malang,SR-JTM-02,Hendra,0.2560,Medium,265.9080,68.0751,27,No order for 27 days,Pays 16 days late on average,Only 7 orders in 90 days (typical healthy: 10),Call this week to confirm next order; check shelf stock
20.0000,Revenue lane,OUT-10566,Grosir Karya Mandiri,Grosir,Jawa Timur,Sidoarjo,SR-JTM-09,Putri,0.1466,Low,463.0600,67.8650,8,Pays 7 days late on average,No order for 8 days,Jawa Timur: regional churn running high,Agree a payment plan with Finance before pushing new stock
21.0000,Revenue lane,OUT-11159,Swalayan Mekar Sari Karawang,Supermarket,Jawa Barat,Karawang,SR-JBR-08,Fitri,0.0943,Low,646.2200,60.9603,18,No order for 18 days,Pays 9 days late on average,No rep visit for 29 days,Call this week to confirm next order; check shelf stock
22.0000,Revenue lane,OUT-10050,Toko Grosir Barokah,Grosir,Jabodetabek,Bekasi,SR-JKT-09,Indra,0.7833,High,74.1520,58.0864,59,No order for 59 days,Only 3 orders in 90 days (typical healthy: 10),Pays 18 days late on average,Call this week to confirm next order; check shelf stock
23.0000,Revenue lane,OUT-11777,UD Cahaya Gresik,Grosir,Jawa Timur,Gresik,SR-JTM-04,Joko,0.2304,Medium,249.9960,57.5893,14,No order for 14 days,Pays 9 days late on average,2 complaint(s) in 90 days,Call this week to confirm next order; check shelf stock
24.0000,Revenue lane,OUT-10799,UD Murah Meriah Malang,Grosir,Jawa Timur,Malang,SR-JTM-06,Lukman,0.2138,Medium,266.6280,56.9989,10,Pays 15 days late on average,No order for 10 days,3 complaint(s) in 90 days,Agree a payment plan with Finance before pushing new stock
25.0000,Revenue lane,OUT-11718,UD Indah Purwokerto,Grosir,Jawa Tengah,Purwokerto,SR-JTG-02,Yudi,0.2622,Medium,215.5160,56.4986,40,No order for 40 days,Pays 8 days late on average,Only 7 orders in 90 days (typical healthy: 10),Call this week to confirm next order; check shelf stock
26.0000,Revenue lane,OUT-12409,UD Harapan Baru Bandung 5,Grosir,Jawa Barat,Bandung,SR-JBR-05,Agus,0.7884,High,70.7680,55.7947,61,No order for 61 days,Only 4 orders in 90 days (typical healthy: 10),Only 6 SKUs per order (typical healthy: 10),Call this week to confirm next order; check shelf stock
27.0000,Revenue lane,OUT-11278,Supermarket Damai Bekasi,Supermarket,Jabodetabek,Bekasi,SR-JKT-14,Nanda,0.1067,Low,496.1560,52.9509,33,No order for 33 days,Only 6 orders in 90 days (typical healthy: 10),Revenue -61% vs prior 90 days,Call this week to confirm next order; check shelf stock
28.0000,Revenue lane,OUT-10122,Toko Grosir Mekar Sari Kediri,Grosir,Jawa Timur,Kediri,SR-JTM-04,Joko,0.1784,Medium,296.2280,52.8367,6,Pays 10 days late on average,No rep visit for 169 days,Jawa Timur: regional churn running high,Agree a payment plan with Finance before pushing new stock
29.0000,Revenue lane,OUT-10191,Toko Grosir Damai Parepare,Grosir,Sulawesi Selatan,Parepare,SR-SLS-02,Fitri,0.3037,Medium,169.4200,51.4543,14,No order for 14 days,Only 6 orders in 90 days (typical healthy: 10),Pays 10 days late on average,Call this week to confirm next order; check shelf stock
30.0000,Revenue lane,OUT-10532,Swalayan Setia Kawan,Supermarket,Jawa Timur,Gresik,SR-JTM-04,Joko,0.1208,Low,416.6480,50.3263,1,No rep visit on record,Pays 10 days late on average,Jawa Timur: regional churn running high,Book a rep visit within 7 days
31.0000,Revenue lane,OUT-10091,Swalayan Makmur Bogor,Supermarket,Jabodetabek,Bogor,SR-JKT-14,Nanda,0.0534,Low,930.5240,49.6670,11,No order for 11 days,2 complaint(s) in 90 days,No rep visit for 44 days,Call this week to confirm next order; check shelf stock
32.0000,Revenue lane,OUT-11869,Swalayan Karya Mandiri Solo,Supermarket,Jawa Tengah,Solo,SR-JTG-02,Yudi,0.1237,Low,399.2880,49.3999,28,No order for 28 days,Pays 8 days late on average,Only 7 orders in 90 days (typical healthy: 10),Call this week to confirm next order; check shelf stock
33.0000,Revenue lane,OUT-10920,UD Subur Pekalongan,Grosir,Jawa Tengah,Pekalongan,SR-JTG-01,Teguh,0.7626,High,64.2120,48.9669,78,No order for 78 days,Only 2 orders in 90 days (typical healthy: 10),No rep visit for 110 days,Call this week to confirm next order; check shelf stock
34.0000,Revenue lane,OUT-10780,Swalayan Cahaya Pematangsiantar,Supermarket,Sumatera Utara,Pematangsiantar,SR-SMU-06,Bayu,0.0686,Low,709.7440,48.6944,10,No order for 10 days,Pays 7 days late on average,No rep visit for 52 days,Call this week to confirm next order; check shelf stock
35.0000,Revenue lane,OUT-11265,Supermarket Mekar Sari Purwokerto 6,Supermarket,Jawa Tengah,Purwokerto,SR-JTG-01,Teguh,0.0880,Low,552.1920,48.5928,18,No order for 18 days,Pays 6 days late on average,Revenue -56% vs prior 90 days,Call this week to confirm next order; check shelf stock
36.0000,Revenue lane,OUT-12062,Supermarket Lancar Bogor,Supermarket,Jabodetabek,Bogor,SR-JKT-09,Indra,0.0755,Low,635.7520,48.0231,29,No order for 29 days,Pays 7 days late on average,New partner (6 months),Call this week to confirm next order; check shelf stock
37.0000,Revenue lane,OUT-12432,Toko Grosir Bahagia 6,Grosir,Jawa Timur,Surabaya,SR-JTM-04,Joko,0.4426,High,105.6640,46.7675,29,No order for 29 days,Pays 14 days late on average,Only 6 orders in 90 days (typical healthy: 10),Call this week to confirm next order; check shelf stock
38.0000,Revenue lane,OUT-11257,Toko Grosir Subur,Grosir,Jawa Timur,Sidoarjo,SR-JTM-01,Gita,0.1486,Low,307.8920,45.7519,10,No order for 10 days,2 complaint(s) in 90 days,Jawa Timur: regional churn running high,Call this week to confirm next order; check shelf stock
39.0000,Revenue lane,OUT-11892,Grosir Damai Kediri,Grosir,Jawa Timur,Kediri,SR-JTM-01,Gita,0.3541,High,125.7440,44.5224,36,No order for 36 days,Only 5 orders in 90 days (typical healthy: 10),Pays 11 days late on average,Call this week to confirm next order; check shelf stock
40.0000,Revenue lane,OUT-10318,Grosir Sinar Abadi,Grosir,Jawa Timur,Sidoarjo,SR-JTM-08,Nanda,0.0957,Low,454.7000,43.5145,16,No order for 16 days,Jawa Timur: regional churn running high,1 complaint(s) in 90 days,Call this week to confirm next order; check shelf stock
41.0000,Revenue lane,OUT-10118,Swalayan Setia Kawan Malang,Supermarket,Jawa Timur,Malang,SR-JTM-05,Kartika,0.0573,Low,759.3200,43.4906,4,Pays 15 days late on average,Jawa Timur: regional churn running high,1 complaint(s) in 90 days,Agree a payment plan with Finance before pushing new stock
42.0000,Revenue lane,OUT-11583,Grosir Sumber Rezeki Cirebon 1,Grosir,Jawa Barat,Cirebon,SR-JBR-02,Taufik,0.5135,High,84.2400,43.2552,31,No order for 31 days,Only 3 orders in 90 days (typical healthy: 10),2 complaint(s) in 90 days,Call this week to confirm next order; check shelf stock
43.0000,Revenue lane,OUT-12019,Mini Market Damai Semarang 8,Minimarket,Jawa Tengah,Semarang,SR-JTG-01,Teguh,0.8860,High,47.9320,42.4674,67,No order for 67 days,Only 3 orders in 90 days (typical healthy: 10),Only 5 SKUs per order (typical healthy: 10),Call this week to confirm next order; check shelf stock
44.0000,Revenue lane,OUT-11126,UD Indah Pekalongan,Grosir,Jawa Tengah,Pekalongan,SR-JTG-02,Yudi,0.8477,High,48.8680,41.4239,76,Only 1 orders in 90 days (typical healthy: 10),No order for 76 days,Pays 7 days late on average,Call this week to confirm next order; check shelf stock
45.0000,Revenue lane,OUT-12262,Swalayan Sejahtera Gowa,Supermarket,Sulawesi Selatan,Gowa,SR-SLS-05,Rina,0.1240,Low,329.9360,40.9025,5,Pays 16 days late on average,Only 8 orders in 90 days (typical healthy: 10),Revenue -75% vs prior 90 days,Agree a payment plan with Finance before pushing new stock
46.0000,Revenue lane,OUT-12100,UD Karya Mandiri Bekasi 7,Grosir,Jabodetabek,Bekasi,SR-JKT-02,Budi,0.4694,High,85.5640,40.1674,67,No order for 67 days,Only 3 orders in 90 days (typical healthy: 10),Revenue -75% vs prior 90 days,Call this week to confirm next order; check shelf stock
47.0000,Revenue lane,OUT-10941,Swalayan Bintang Timur 4,Supermarket,Jabodetabek,Bogor,SR-JKT-15,Putri,0.0929,Low,431.3680,40.0841,5,Pays 12 days late on average,1 complaint(s) in 90 days,Revenue -48% vs prior 90 days,Agree a payment plan with Finance before pushing new stock
48.0000,Revenue lane,OUT-11673,Toko Grosir Indah Malang 5,Grosir,Jawa Timur,Malang,SR-JTM-05,Kartika,0.3332,Medium,118.0240,39.3298,13,Pays 19 days late on average,Only 5 orders in 90 days (typical healthy: 10),No order for 13 days,Agree a payment plan with Finance before pushing new stock
49.0000,Revenue lane,OUT-10175,Toko Grosir Karya Mandiri 7,Grosir,Jabodetabek,Tangerang,SR-JKT-04,Dewi,0.2104,Medium,185.5120,39.0374,19,No order for 19 days,Only 7 orders in 90 days (typical healthy: 10),Pays 7 days late on average,Call this week to confirm next order; check shelf stock
50.0000,Revenue lane,OUT-11259,UD Makmur Magelang,Grosir,Jawa Tengah,Magelang,SR-JTG-09,Fajar,0.1520,Medium,248.3760,37.7640,43,No order for 43 days,No rep visit for 68 days,0 rep visits in 60 days,Call this week to confirm next order; check shelf stock
51.0000,Revenue lane,OUT-11426,Supermarket Pelita 7,Supermarket,Jawa Barat,Cirebon,SR-JBR-07,Dimas,0.0564,Low,666.2600,37.6057,12,No order for 12 days,Pays 11 days late on average,Revenue -55% vs prior 90 days,Call this week to confirm next order; check shelf stock
52.0000,Revenue lane,OUT-11987,Toko Harapan Baru Tangerang 2,Minimarket,Jabodetabek,Tangerang,SR-JKT-11,Kartika,0.8030,High,46.7760,37.5606,63,No order for 63 days,Only 3 orders in 90 days (typical healthy: 10),Pays 23 days late on average,Call this week to confirm next order; check shelf stock
53.0000,Revenue lane,OUT-12510,UD Makmur Kediri,Grosir,Jawa Timur,Kediri,SR-JTM-09,Putri,0.1759,Medium,212.2400,37.3425,23,No order for 23 days,Jawa Timur: regional churn running high,Only 8 orders in 90 days (typical healthy: 10),Call this week to confirm next order; check shelf stock
54.0000,Revenue lane,OUT-12450,Supermarket Makmur Semarang,Supermarket,Jawa Tengah,Semarang,SR-JTG-07,Dewi,0.0543,Low,687.3240,37.3254,4,Pays 11 days late on average,SKU range -30% vs prior 90 days,Revenue -23% vs prior 90 days,Agree a payment plan with Finance before pushing new stock
55.0000,Revenue lane,OUT-12083,Grosir Cahaya Surabaya 2,Grosir,Jawa Timur,Surabaya,SR-JTM-06,Lukman,0.0655,Low,550.5280,36.0869,8,Pays 8 days late on average,2 complaint(s) in 90 days,No order for 8 days,Agree a payment plan with Finance before pushing new stock
56.0000,Revenue lane,OUT-10127,UD Sentosa,Grosir,Jawa Barat,Karawang,SR-JBR-03,Wulan,0.1071,Low,291.3760,31.2017,23,No order for 23 days,Pays 8 days late on average,Only 9 orders in 90 days (typical healthy: 10),Call this week to confirm next order; check shelf stock
57.0000,Revenue lane,OUT-12264,Grosir Makmur Bogor 2,Grosir,Jabodetabek,Bogor,SR-JKT-12,Lukman,0.9454,High,32.8280,31.0358,79,No order for 79 days,Only 2 orders in 90 days (typical healthy: 10),Only 4 SKUs per order (typical healthy: 10),Call this week to confirm next order; check shelf stock
58.0000,Revenue lane,OUT-10935,UD Tunas Baru Malang,Grosir,Jawa Timur,Malang,SR-JTM-09,Putri,0.9359,High,32.7280,30.6294,63,Only 1 orders in 90 days (typical healthy: 10),No order for 63 days,Pays 27 days late on average,Call this week to confirm next order; check shelf stock
59.0000,Revenue lane,OUT-10193,Grosir Barokah,Grosir,Jabodetabek,Jakarta Timur,SR-JKT-12,Lukman,0.1431,Low,211.2840,30.2331,10,No order for 10 days,Pays 8 days late on average,Only 7 orders in 90 days (typical healthy: 10),Call this week to confirm next order; check shelf stock
60.0000,Revenue lane,OUT-12164,Toko Karya Mandiri Cimahi 6,Minimarket,Jawa Barat,Cimahi,SR-JBR-06,Bayu,0.5047,High,59.2600,29.9106,31,No order for 31 days,Only 4 orders in 90 days (typical healthy: 10),Only 6 SKUs per order (typical healthy: 10),Call this week to confirm next order; check shelf stock
61.0000,Revenue lane,OUT-11716,Mini Market Berkah Malang,Minimarket,Jawa Timur,Malang,SR-JTM-08,Nanda,0.8209,High,35.4280,29.0840,39,No order for 39 days,Only 3 orders in 90 days (typical healthy: 10),Pays 26 days late on average,Call this week to confirm next order; check shelf stock
62.0000,Revenue lane,OUT-12003,Supermarket Segar Jaya Gowa,Supermarket,Sulawesi Selatan,Gowa,SR-SLS-01,Dimas,0.0572,Low,499.6160,28.6009,3,Pays 9 days late on average,2 complaint(s) in 90 days,2 rep visits in 60 days,Agree a payment plan with Finance before pushing new stock
63.0000,Revenue lane,OUT-12346,UD Pelita Bogor,Grosir,Jabodetabek,Bogor,SR-JKT-06,Fajar,0.1220,Low,232.8720,28.4072,7,Pays 16 days late on average,Only 6 orders in 90 days (typical healthy: 10),No order for 7 days,Agree a payment plan with Finance before pushing new stock
64.0000,Revenue lane,OUT-10241,Grosir Barokah 6,Grosir,Sumatera Utara,Binjai,SR-SMU-02,Taufik,0.0660,Low,412.6280,27.2210,12,No order for 12 days,No rep visit for 153 days,Pays 6 days late on average,Call this week to confirm next order; check shelf stock
65.0000,Revenue lane,OUT-12027,Toko Grosir Sentosa Kediri,Grosir,Jawa Timur,Kediri,SR-JTM-05,Kartika,0.0614,Low,441.6640,27.1212,25,No order for 25 days,Jawa Timur: regional churn running high,1 complaint(s) in 90 days,Call this week to confirm next order; check shelf stock
66.0000,Revenue lane,OUT-10201,Swalayan Sumber Rezeki,Supermarket,Jawa Timur,Unknown,SR-JTM-02,Hendra,0.0606,Low,445.8360,27.0399,4,Only 7 orders in 90 days (typical healthy: 10),Pays 7 days late on average,2 complaint(s) in 90 days,Call this week to confirm next order; check shelf stock
67.0000,Revenue lane,OUT-11024,Toko Grosir Tunas Baru Magelang,Grosir,Jawa Tengah,Magelang,SR-JTG-02,Yudi,0.0682,Low,388.3000,26.4653,13,No order for 13 days,Pays 10 days late on average,,Call this week to confirm next order; check shelf stock
68.0000,Revenue lane,OUT-12316,Toko Grosir Sentosa Karawang,Grosir,Jawa Barat,Karawang,SR-JBR-09,Hadi,0.1236,Low,212.8040,26.3014,15,No order for 15 days,Only 7 orders in 90 days (typical healthy: 10),Pays 6 days late on average,Call this week to confirm next order; check shelf stock
69.0000,Revenue lane,OUT-11805,Mini Market Mekar Sari 5,Minimarket,Jawa Timur,Malang,SR-JTM-09,Putri,0.7658,High,34.1240,26.1326,34,No order for 34 days,Only 3 orders in 90 days (typical healthy: 10),Pays 19 days late on average,Call this week to confirm next order; check shelf stock
70.0000,Revenue lane,OUT-12448,Grosir Mulia Tasikmalaya 8,Grosir,Jawa Barat,Tasikmalaya,SR-JBR-10,Irma,0.1556,Medium,167.7520,26.1074,16,No order for 16 days,Only 6 orders in 90 days (typical healthy: 10),Pays 7 days late on average,Call this week to confirm next order; check shelf stock
71.0000,Revenue lane,OUT-10787,Mini Market Makmur Malang,Minimarket,Jawa Timur,Malang,SR-JTM-04,Joko,0.5358,High,45.6280,24.4481,42,No order for 42 days,Only 4 orders in 90 days (typical healthy: 10),Jawa Timur: regional churn running high,Call this week to confirm next order; check shelf stock
72.0000,Revenue lane,OUT-11442,UD Harapan Baru Bekasi,Grosir,Jabodetabek,Bekasi,SR-JKT-12,Lukman,0.0954,Low,253.9480,24.2206,13,No order for 13 days,No rep visit for 74 days,0 rep visits in 60 days,Call this week to confirm next order; check shelf stock
73.0000,Revenue lane,OUT-10989,Grosir Damai Bandung,Grosir,Jawa Barat,Bandung,SR-JBR-02,Taufik,0.0882,Low,269.1800,23.7414,17,No order for 17 days,Pays 11 days late on average,1 complaint(s) in 90 days,Call this week to confirm next order; check shelf stock
74.0000,Revenue lane,OUT-10361,Grosir Bintang Timur Makassar,Grosir,Sulawesi Selatan,Makassar,SR-SLS-04,Irma,0.0629,Low,362.2480,22.7803,11,No order for 11 days,Pays 10 days late on average,Only 9 orders in 90 days (typical healthy: 10),Call this week to confirm next order; check shelf stock
75.0000,Revenue lane,OUT-10306,Toko Subur 6,Minimarket,Jawa Barat,Tasikmalaya,SR-JBR-01,Sari,0.8892,High,25.5600,22.7288,83,No order for 83 days,Only 2 orders in 90 days (typical healthy: 10),Only 5 SKUs per order (typical healthy: 10),Call this week to confirm next order; check shelf stock
76.0000,Revenue lane,OUT-11813,Toko Grosir Damai Sidoarjo,Grosir,Jawa Timur,Sidoarjo,SR-JTM-03,Indra,0.0558,Low,401.6120,22.4021,6,Pays 9 days late on average,Jawa Timur: regional churn running high,1 rep visits in 60 days,Agree a payment plan with Finance before pushing new stock
77.0000,Revenue lane,OUT-11092,Toko Subur Surabaya,Minimarket,Jawa Timur,Surabaya,SR-JTM-06,Lukman,0.5780,High,38.0280,21.9812,44,No order for 44 days,Only 3 orders in 90 days (typical healthy: 10),Pays 10 days late on average,Call this week to confirm next order; check shelf stock
78.0000,Revenue lane,OUT-11586,Grosir Bahagia Parepare,Grosir,Sulawesi Selatan,Parepare,SR-SLS-01,Dimas,0.0569,Low,384.7160,21.8997,15,No order for 15 days,No rep visit for 47 days,1 rep visits in 60 days,Call this week to confirm next order; check shelf stock
79.0000,Revenue lane,OUT-11440,Grosir Pelita,Grosir,Sulawesi Selatan,Gowa,SR-SLS-05,Rina,0.0712,Low,306.6400,21.8303,9,No order for 9 days,Pays 6 days late on average,No rep visit for 52 days,Call this week to confirm next order; check shelf stock
80.0000,Revenue lane,OUT-10445,UD Makmur 8,Grosir,Jabodetabek,Depok,SR-JKT-04,Dewi,0.0884,Low,246.1040,21.7614,43,No order for 43 days,Only 7 orders in 90 days (typical healthy: 10),1 rep visits in 60 days,Call this week to confirm next order; check shelf stock
81.0000,Revenue lane,OUT-11210,Toko Grosir Lancar Cirebon,Grosir,Jawa Barat,Cirebon,SR-JBR-01,Sari,0.0656,Low,319.7120,20.9868,16,No order for 16 days,Pays 9 days late on average,Only 9 orders in 90 days (typical healthy: 10),Call this week to confirm next order; check shelf stock
82.0000,Revenue lane,OUT-11909,Toko Grosir Karya Mandiri Gresik,Grosir,Jawa Timur,Gresik,SR-JTM-02,Hendra,0.1794,Medium,114.9040,20.6189,31,No order for 31 days,Only 5 orders in 90 days (typical healthy: 10),3 complaint(s) in 90 days,Call this week to confirm next order; check shelf stock
83.0000,Revenue lane,OUT-10912,Toko Grosir Tunas Baru Medan,Grosir,Sumatera Utara,Medan,SR-SMU-06,Bayu,0.0921,Low,223.3160,20.5731,11,No order for 11 days,Pays 8 days late on average,Only 8 orders in 90 days (typical healthy: 10),Call this week to confirm next order; check shelf stock
84.0000,Revenue lane,OUT-10186,Grosir Rukun Gresik,Grosir,Jawa Timur,Gresik,SR-JTM-06,Lukman,0.0672,Low,296.1880,19.9081,7,Jawa Timur: regional churn running high,No order for 7 days,Pays 5 days late on average,Competitor watch: secure top-10 SKU availability
85.0000,Revenue lane,OUT-11478,Mini Market Rukun Maros 4,Minimarket,Sulawesi Selatan,Maros,SR-SLS-02,Fitri,0.1759,Medium,112.5560,19.8025,26,No order for 26 days,Pays 8 days late on average,2 complaint(s) in 90 days,Call this week to confirm next order; check shelf stock
86.0000,Revenue lane,OUT-12591,Toko Setia Kawan Surabaya,Minimarket,Jawa Timur,Surabaya,SR-JTM-04,Joko,0.2296,Medium,86.1960,19.7875,13,No order for 13 days,Pays 11 days late on average,Only 8 SKUs per order (typical healthy: 10),Call this week to confirm next order; check shelf stock
87.0000,Revenue lane,OUT-10728,UD Mitra Usaha Timur,Grosir,Jabodetabek,Jakarta Timur,SR-JKT-12,Lukman,0.8872,High,22.2120,19.7066,34,Only 1 orders in 90 days (typical healthy: 10),Pays 70 days late on average,No order for 34 days,Call this week to confirm next order; check shelf stock
88.0000,Revenue lane,OUT-10966,Grosir Lancar Semarang,Grosir,Jawa Tengah,Semarang,SR-JTG-03,Lestari,0.0730,Low,266.6760,19.4702,6,Pays 10 days late on average,No rep visit for 31 days,Revenue -49% vs prior 90 days,Agree a payment plan with Finance before pushing new stock
89.0000,Revenue lane,OUT-10410,Toko Grosir Bahagia 5,Grosir,Sulawesi Selatan,Maros,SR-SLS-01,Dimas,0.0528,Low,367.7760,19.4364,12,No order for 12 days,3 complaint(s) in 90 days,Pays 4 days late on average,Call this week to confirm next order; check shelf stock
90.0000,Revenue lane,OUT-12069,Toko Grosir Murah Meriah 1,Grosir,Jabodetabek,Bekasi,SR-JKT-10,Joko,0.1059,Low,174.5400,18.4914,8,Pays 12 days late on average,Only 7 orders in 90 days (typical healthy: 10),No order for 8 days,Agree a payment plan with Finance before pushing new stock
91.0000,Revenue lane,OUT-12288,UD Indah Malang,Grosir,Jawa Timur,Malang,SR-JTM-03,Indra,0.0637,Low,289.4560,18.4462,1,Pays 11 days late on average,Jawa Timur: regional churn running high,1 rep visits in 60 days,Agree a payment plan with Finance before pushing new stock
92.0000,Revenue lane,OUT-10803,Toko Barokah Binjai 6,Minimarket,Sumatera Utara,Binjai,SR-SMU-03,Wulan,0.4137,High,44.3840,18.3595,63,No order for 63 days,Only 4 orders in 90 days (typical healthy: 10),Only 8 SKUs per order (typical healthy: 10),Call this week to confirm next order; check shelf stock
93.0000,Revenue lane,OUT-12403,UD Pelita Sidoarjo,Grosir,Jawa Timur,Sidoarjo,SR-JTM-02,Hendra,0.0722,Low,254.0480,18.3438,14,No order for 14 days,Jawa Timur: regional churn running high,Only 8 orders in 90 days (typical healthy: 10),Call this week to confirm next order; check shelf stock
94.0000,Revenue lane,OUT-10226,Grosir Karya Mandiri Gowa,Grosir,Sulawesi Selatan,Gowa,SR-SLS-02,Fitri,0.0537,Low,338.3880,18.1814,10,No order for 10 days,1 complaint(s) in 90 days,1 rep visits in 60 days,Call this week to confirm next order; check shelf stock
95.0000,Revenue lane,OUT-12096,Toko Segar Jaya Karawang,Minimarket,Jawa Barat,Karawang,SR-JBR-09,Hadi,0.1731,Medium,101.2000,17.5197,25,No order for 25 days,No rep visit for 342 days,Pays 6 days late on average,Call this week to confirm next order; check shelf stock
96.0000,Revenue lane,OUT-10821,Grosir Mulia Tangerang 5,Grosir,Jabodetabek,Tangerang,SR-JKT-14,Nanda,0.0806,Low,215.1400,17.3392,25,No order for 25 days,Only 7 orders in 90 days (typical healthy: 10),Pays 7 days late on average,Call this week to confirm next order; check shelf stock
97.0000,Revenue lane,OUT-10806,Toko Grosir Berkah Bogor 7,Grosir,Jabodetabek,Bogor,SR-JKT-13,Maya,0.0547,Low,312.7400,17.1056,13,No order for 13 days,No rep visit for 29 days,Revenue -41% vs prior 90 days,Call this week to confirm next order; check shelf stock
98.0000,Revenue lane,OUT-11003,Toko Segar Jaya Barat,Minimarket,Jabodetabek,Jakarta Barat,SR-JKT-07,Gita,0.1297,Low,131.0040,16.9856,18,No order for 18 days,Pays 7 days late on average,1 complaint(s) in 90 days,Call this week to confirm next order; check shelf stock
99.0000,Revenue lane,OUT-10698,Mini Market Sinar Abadi Pekalongan,Minimarket,Jawa Tengah,Pekalongan,SR-JTG-08,Eko,0.2595,Medium,64.0400,16.6169,46,No order for 46 days,Only 6 orders in 90 days (typical healthy: 10),Pays 9 days late on average,Call this week to confirm next order; check shelf stock
100.0000,Revenue lane,OUT-10488,Mini Market Damai Depok,Minimarket,Jabodetabek,Depok,SR-JKT-04,Dewi,0.4263,High,38.6760,16.4880,31,No order for 31 days,Only 3 orders in 90 days (typical healthy: 10),Pays 10 days late on average,Call this week to confirm next order; check shelf stock
101.0000,Revenue lane,OUT-11493,Grosir Mitra Usaha Surabaya,Grosir,Jawa Timur,Surabaya,SR-JTM-02,Hendra,0.0852,Low,191.7080,16.3325,26,No order for 26 days,Only 5 orders in 90 days (typical healthy: 10),Jawa Timur: regional churn running high,Call this week to confirm next order; check shelf stock
102.0000,Revenue lane,OUT-11537,Mini Market Lancar Sidoarjo,Minimarket,Jawa Timur,Sidoarjo,SR-JTM-09,Putri,0.3513,High,45.9800,16.1520,28,No order for 28 days,Only 7 SKUs per order (typical healthy: 10),Pays 9 days late on average,Call this week to confirm next order; check shelf stock
103.0000,Revenue lane,OUT-10755,Toko Subur Malang,Minimarket,Jawa Timur,Malang,SR-JTM-06,Lukman,0.1686,Medium,94.0680,15.8590,13,No order for 13 days,Pays 12 days late on average,Only 8 SKUs per order (typical healthy: 10),Call this week to confirm next order; check shelf stock
104.0000,Revenue lane,OUT-12360,Toko Grosir Sentosa Bekasi 1,Grosir,Jabodetabek,Bekasi,SR-JKT-04,Dewi,0.0884,Low,177.9960,15.7405,6,Pays 7 days late on average,Only 8 orders in 90 days (typical healthy: 10),New partner (6 months),Agree a payment plan with Finance before pushing new stock
105.0000,Revenue lane,OUT-12512,Toko Indah Tasikmalaya,Minimarket,Jawa Barat,Tasikmalaya,SR-JBR-06,Bayu,0.4265,High,36.6760,15.6415,53,No order for 53 days,Only 4 orders in 90 days (typical healthy: 10),Pays 9 days late on average,Call this week to confirm next order; check shelf stock
106.0000,Revenue lane,OUT-12241,UD Anugerah 4,Grosir,Jawa Barat,Karawang,SR-JBR-09,Hadi,0.8631,High,18.0240,15.5560,79,Only 1 orders in 90 days (typical healthy: 10),No order for 79 days,Pays 28 days late on average,Call this week to confirm next order; check shelf stock
107.0000,Revenue lane,OUT-11176,Mini Market Harapan Baru Gresik,Minimarket,Jawa Timur,Gresik,SR-JTM-01,Gita,0.4809,High,32.2120,15.4902,6,Pays 34 days late on average,Only 4 orders in 90 days (typical healthy: 10),Only 6 SKUs per order (typical healthy: 10),Agree a payment plan with Finance before pushing new stock
108.0000,Revenue lane,OUT-12345,Mini Market Berkah Sidoarjo 7,Minimarket,Jawa Timur,Sidoarjo,SR-JTM-03,Indra,0.1714,Medium,86.5600,14.8395,14,No order for 14 days,No rep visit for 222 days,Jawa Timur: regional churn running high,Call this week to confirm next order; check shelf stock
109.0000,Revenue lane,OUT-10675,UD Anugerah Solo,Grosir,Jawa Tengah,Solo,SR-JTG-08,Eko,0.0578,Low,253.3480,14.6557,26,No order for 26 days,Only 8 orders in 90 days (typical healthy: 10),Revenue -69% vs prior 90 days,Call this week to confirm next order; check shelf stock
110.0000,Revenue lane,OUT-10208,UD Setia Kawan Sidoarjo,Grosir,Jawa Timur,Sidoarjo,SR-JTM-02,Hendra,0.0519,Low,279.8360,14.5195,17,No order for 17 days,Jawa Timur: regional churn running high,Only 8 orders in 90 days (typical healthy: 10),Call this week to confirm next order; check shelf stock
111.0000,Revenue lane,OUT-10860,Toko Grosir Sumber Rezeki Solo,Grosir,Jawa Tengah,Solo,SR-JTG-07,Dewi,0.0526,Low,274.7080,14.4604,3,Pays 15 days late on average,1 complaint(s) in 90 days,No rep visit for 21 days,Agree a payment plan with Finance before pushing new stock
112.0000,Revenue lane,OUT-11695,Toko Grosir Lancar Malang,Grosir,Jawa Timur,Malang,SR-JTM-05,Kartika,0.0715,Low,201.5360,14.4012,2,Only 6 orders in 90 days (typical healthy: 10),Pays 8 days late on average,Jawa Timur: regional churn running high,Call this week to confirm next order; check shelf stock
113.0000,Revenue lane,OUT-11410,Toko Berkah Malang 5,Minimarket,Jawa Timur,Malang,SR-JTM-10,Rizky,0.4529,High,31.2160,14.1387,19,Only 3 orders in 90 days (typical healthy: 10),No order for 19 days,Only 8 SKUs per order (typical healthy: 10),Call this week to confirm next order; check shelf stock
114.0000,Revenue lane,OUT-11745,Grosir Bintang Timur Malang,Grosir,Jawa Timur,Malang,SR-JTM-07,Maya,0.0815,Low,168.9280,13.7664,1,Only 5 orders in 90 days (typical healthy: 10),No rep visit on record,Jawa Timur: regional churn running high,Call this week to confirm next order; check shelf stock
115.0000,Revenue lane,OUT-11979,Toko Rukun 1,Minimarket,Jawa Timur,Kediri,SR-JTM-06,Lukman,0.1470,Low,92.5480,13.6072,18,No order for 18 days,Pays 11 days late on average,Only 8 SKUs per order (typical healthy: 10),Call this week to confirm next order; check shelf stock
116.0000,Revenue lane,OUT-10333,Mini Market Murah Meriah Sidoarjo 6,Minimarket,Jawa Timur,Sidoarjo,SR-JTM-07,Maya,0.2759,Medium,49.1800,13.5698,37,No order for 37 days,Only 5 orders in 90 days (typical healthy: 10),2 complaint(s) in 90 days,Call this week to confirm next order; check shelf stock
117.0000,Revenue lane,OUT-11883,Toko Grosir Karya Mandiri Tasikmalaya,Grosir,Jawa Barat,Tasikmalaya,SR-JBR-11,Rina,0.1690,Medium,79.0080,13.3488,15,Only 4 orders in 90 days (typical healthy: 10),No order for 15 days,Pays 5 days late on average,Call this week to confirm next order; check shelf stock
118.0000,Revenue lane,OUT-10152,Grosir Subur Serdang,Grosir,Sumatera Utara,Deli Serdang,SR-SMU-04,Yoga,0.0561,Low,237.1840,13.3110,12,No order for 12 days,Pays 10 days late on average,Only 8 orders in 90 days (typical healthy: 10),Call this week to confirm next order; check shelf stock
119.0000,Revenue lane,OUT-11552,Mini Market Maju Jaya Cimahi,Minimarket,Jawa Barat,Cimahi,SR-JBR-11,Rina,0.1914,Medium,68.4880,13.1097,42,No order for 42 days,Pays 18 days late on average,Only 7 orders in 90 days (typical healthy: 10),Call this week to confirm next order; check shelf stock
120.0000,Revenue lane,OUT-11237,Toko Damai Bekasi,Minimarket,Jabodetabek,Bekasi,SR-JKT-02,Budi,0.8066,High,16.0080,12.9120,65,No order for 65 days,Only 2 orders in 90 days (typical healthy: 10),Pays 16 days late on average,Call this week to confirm next order; check shelf stock
121.0000,Revenue lane,OUT-10577,Grosir Rukun,Grosir,Sumatera Utara,Pematangsiantar,SR-SMU-01,Sari,0.0689,Low,186.5440,12.8462,9,Only 6 orders in 90 days (typical healthy: 10),No order for 9 days,Pays 6 days late on average,Call this week to confirm next order; check shelf stock
122.0000,Revenue lane,OUT-10366,Toko Cahaya Tasikmalaya 7,Minimarket,Jawa Barat,Tasikmalaya,SR-JBR-02,Taufik,0.1740,Medium,73.2720,12.7506,57,No order for 57 days,Only 6 orders in 90 days (typical healthy: 10),Pays 8 days late on average,Call this week to confirm next order; check shelf stock
123.0000,Revenue lane,OUT-10809,Toko Karya Mandiri Magelang,Minimarket,Jawa Tengah,Magelang,SR-JTG-03,Lestari,0.7215,High,16.8400,12.1507,58,Only 1 orders in 90 days (typical healthy: 10),No order for 58 days,Only 5 SKUs per order (typical healthy: 10),Call this week to confirm next order; check shelf stock
124.0000,Revenue lane,OUT-11294,Mini Market Subur Karawang,Minimarket,Jawa Barat,Karawang,SR-JBR-09,Hadi,0.2110,Medium,56.8040,11.9863,24,No order for 24 days,Only 6 SKUs per order (typical healthy: 10),Only 5 orders in 90 days (typical healthy: 10),Call this week to confirm next order; check shelf stock
125.0000,Revenue lane,OUT-11498,Toko Setia Kawan 7,Minimarket,Jawa Timur,Sidoarjo,SR-JTM-09,Putri,0.3591,High,32.6960,11.7400,38,No order for 38 days,Only 4 orders in 90 days (typical healthy: 10),No rep visit for 80 days,Call this week to confirm next order; check shelf stock
126.0000,Revenue lane,OUT-11029,Mini Market Mitra Usaha Kediri,Minimarket,Jawa Timur,Kediri,SR-JTM-09,Putri,0.0714,Low,162.8400,11.6203,15,No order for 15 days,No rep visit for 133 days,Jawa Timur: regional churn running high,Call this week to confirm next order; check shelf stock
127.0000,Revenue lane,OUT-12004,Mini Market Harapan Baru Malang,Minimarket,Jawa Timur,Malang,SR-JTM-04,Joko,0.5961,High,19.0400,11.3497,55,No order for 55 days,Only 2 orders in 90 days (typical healthy: 10),Only 4 SKUs per order (typical healthy: 10),Call this week to confirm next order; check shelf stock
128.0000,Revenue lane,OUT-10106,Mini Market Berkah Sidoarjo,Minimarket,Jawa Timur,Sidoarjo,SR-JTM-03,Indra,0.1577,Medium,71.4080,11.2640,17,No order for 17 days,Only 7 SKUs per order (typical healthy: 10),Pays 11 days late on average,Call this week to confirm next order; check shelf stock
129.0000,Revenue lane,OUT-10372,Mini Market Lancar Depok,Minimarket,Jabodetabek,Depok,SR-JKT-13,Maya,0.5127,High,21.7640,11.1583,31,No order for 31 days,Only 3 orders in 90 days (typical healthy: 10),Only 4 SKUs per order (typical healthy: 10),Call this week to confirm next order; check shelf stock
130.0000,Revenue lane,OUT-11674,Grosir Maju Jaya Bogor,Grosir,Jabodetabek,Bogor,SR-JKT-14,Nanda,0.0629,Low,173.7800,10.9234,7,Only 7 orders in 90 days (typical healthy: 10),No order for 7 days,Revenue -64% vs prior 90 days,Call this week to confirm next order; check shelf stock
131.0000,Revenue lane,OUT-11797,Warung Subur Semarang,Warung,Jawa Tengah,Semarang,SR-JTG-06,Citra,0.8956,High,12.1080,10.8443,62,Only 1 orders in 90 days (typical healthy: 10),No order for 62 days,Only 1 SKUs per order (typical healthy: 10),Call this week to confirm next order; check shelf stock
132.0000,Revenue lane,OUT-11241,Mini Market Mitra Usaha 6,Minimarket,Sumatera Utara,Pematangsiantar,SR-SMU-02,Taufik,0.0855,Low,126.5200,10.8175,44,No order for 44 days,Pays 6 days late on average,No rep visit for 37 days,Call this week to confirm next order; check shelf stock
133.0000,Revenue lane,OUT-10614,Toko Setia Kawan 1,Minimarket,Sulawesi Selatan,Makassar,SR-SLS-01,Dimas,0.3931,High,27.1760,10.6832,19,Only 3 orders in 90 days (typical healthy: 10),No order for 19 days,Pays 10 days late on average,Call this week to confirm next order; check shelf stock
134.0000,Revenue lane,OUT-10299,Mini Market Sejahtera Kediri,Minimarket,Jawa Timur,Kediri,SR-JTM-09,Putri,0.0882,Low,118.2160,10.4265,9,Only 7 orders in 90 days (typical healthy: 10),No order for 9 days,Jawa Timur: regional churn running high,Call this week to confirm next order; check shelf stock
135.0000,Revenue lane,OUT-12190,Mini Market Makmur Makassar 6,Minimarket,Sulawesi Selatan,Makassar,SR-SLS-03,Hadi,0.1649,Medium,60.8080,10.0268,23,No order for 23 days,Only 6 orders in 90 days (typical healthy: 10),Pays 5 days late on average,Call this week to confirm next order; check shelf stock
136.0000,Revenue lane,OUT-11970,Toko Bintang Timur Semarang,Minimarket,Jawa Tengah,Semarang,SR-JTG-03,Lestari,0.8751,High,11.3360,9.9207,54,No order for 54 days,Only 2 orders in 90 days (typical healthy: 10),Only 2 SKUs per order (typical healthy: 10),Call this week to confirm next order; check shelf stock
137.0000,Revenue lane,OUT-11739,Mini Market Setia Kawan Magelang 5,Minimarket,Jawa Tengah,Magelang,SR-JTG-08,Eko,0.0978,Low,101.3400,9.9066,21,No order for 21 days,No rep visit for 50 days,Only 9 SKUs per order (typical healthy: 10),Call this week to confirm next order; check shelf stock
138.0000,Revenue lane,OUT-10246,Mini Market Sumber Rezeki,Minimarket,Sumatera Utara,Deli Serdang,SR-SMU-05,Agus,0.2657,Medium,36.8480,9.7909,46,No order for 46 days,Only 5 orders in 90 days (typical healthy: 10),Pays 15 days late on average,Call this week to confirm next order; check shelf stock
139.0000,Revenue lane,OUT-11609,Toko Tunas Baru Cirebon,Minimarket,Jawa Barat,Cirebon,SR-JBR-06,Bayu,0.2307,Medium,42.2920,9.7564,10,Only 4 SKUs per order (typical healthy: 10),Only 5 orders in 90 days (typical healthy: 10),Pays 9 days late on average,Range review on visit: check for competitor SKUs on shelf
140.0000,Revenue lane,OUT-11989,Mini Market Bahagia Parepare,Minimarket,Sulawesi Selatan,Parepare,SR-SLS-01,Dimas,0.2061,Medium,47.0080,9.6893,23,No order for 23 days,Pays 13 days late on average,Only 6 orders in 90 days (typical healthy: 10),Call this week to confirm next order; check shelf stock
141.0000,Revenue lane,OUT-11103,Mini Market Maju Jaya Kediri 4,Minimarket,Jawa Timur,Unknown,SR-JTM-02,Hendra,0.7483,High,12.7400,9.5329,75,Only 1 orders in 90 days (typical healthy: 10),No order for 75 days,Jawa Timur: regional churn running high,Call this week to confirm next order; check shelf stock
142.0000,Revenue lane,OUT-12343,Toko Maju Jaya 7,Minimarket,Jawa Timur,Sidoarjo,SR-JTM-06,Lukman,0.4757,High,18.7840,8.9358,29,Only 3 orders in 90 days (typical healthy: 10),Pays 38 days late on average,No order for 29 days,Call this week to confirm next order; check shelf stock
143.0000,Revenue lane,OUT-12156,Toko Mekar Sari Pematangsiantar,Minimarket,Sumatera Utara,Pematangsiantar,SR-SMU-02,Taufik,0.1118,Low,79.4160,8.8758,14,No order for 14 days,Only 7 orders in 90 days (typical healthy: 10),1 complaint(s) in 90 days,Call this week to confirm next order; check shelf stock
144.0000,Revenue lane,OUT-11356,Mini Market Murah Meriah Timur,Minimarket,Jabodetabek,Jakarta Timur,SR-JKT-08,Hendra,0.1391,Low,63.0960,8.7765,28,No order for 28 days,Pays 10 days late on average,Only 7 orders in 90 days (typical healthy: 10),Call this week to confirm next order; check shelf stock
145.0000,Revenue lane,OUT-11683,Mini Market Anugerah 3,Minimarket,Jawa Timur,Kediri,SR-JTM-05,Kartika,0.1488,Low,58.5320,8.7092,19,No order for 19 days,Pays 7 days late on average,Jawa Timur: regional churn running high,Call this week to confirm next order; check shelf stock
146.0000,Revenue lane,OUT-10646,Mini Market Setia Kawan Binjai 6,Minimarket,Sumatera Utara,Binjai,SR-SMU-01,Sari,0.1508,Medium,56.4720,8.5187,8,Only 6 orders in 90 days (typical healthy: 10),Pays 8 days late on average,No order for 8 days,Call this week to confirm next order; check shelf stock
147.0000,Revenue lane,OUT-10328,Mini Market Bahagia Purwokerto,Minimarket,Jawa Tengah,Purwokerto,SR-JTG-09,Fajar,0.4650,High,18.1800,8.4540,31,No order for 31 days,Only 3 orders in 90 days (typical healthy: 10),Pays 13 days late on average,Call this week to confirm next order; check shelf stock
148.0000,Revenue lane,OUT-10947,Toko Makmur Kediri,Minimarket,Jawa Timur,Kediri,SR-JTM-01,Gita,0.0854,Low,98.7720,8.4360,19,No order for 19 days,Pays 8 days late on average,Jawa Timur: regional churn running high,Call this week to confirm next order; check shelf stock
149.0000,Revenue lane,OUT-12258,Mini Market Subur Malang 2,Minimarket,Jawa Timur,Malang,SR-JTM-03,Indra,0.1003,Low,83.7200,8.3989,16,No order for 16 days,Pays 10 days late on average,2 complaint(s) in 90 days,Call this week to confirm next order; check shelf stock
150.0000,Revenue lane,OUT-10160,Toko Rukun Kediri 1,Minimarket,Jawa Timur,Kediri,SR-JTM-04,Joko,0.8976,High,9.3360,8.3797,37,Only 1 orders in 90 days (typical healthy: 10),No order for 37 days,Pays 24 days late on average,Call this week to confirm next order; check shelf stock
151.0000,Revenue lane,OUT-10597,Toko Tunas Baru Sidoarjo,Minimarket,Jawa Timur,Sidoarjo,SR-JTM-10,Rizky,0.0656,Low,125.9520,8.2637,10,No order for 10 days,Only 8 SKUs per order (typical healthy: 10),Pays 8 days late on average,Call this week to confirm next order; check shelf stock
152.0000,Revenue lane,OUT-11846,Toko Indah Pekalongan 7,Minimarket,Jawa Tengah,Pekalongan,SR-JTG-09,Fajar,0.1663,Medium,49.5320,8.2350,23,No order for 23 days,Pays 14 days late on average,Only 6 orders in 90 days (typical healthy: 10),Call this week to confirm next order; check shelf stock
153.0000,Revenue lane,OUT-10508,Toko Rukun Medan,Minimarket,Sumatera Utara,Medan,SR-SMU-01,Sari,0.9260,High,8.6680,8.0268,84,Only 1 orders in 90 days (typical healthy: 10),No order for 84 days,Only 2 SKUs per order (typical healthy: 10),Call this week to confirm next order; check shelf stock
154.0000,Revenue lane,OUT-10952,Mini Market Damai Bogor,Minimarket,Jabodetabek,Bogor,SR-JKT-04,Dewi,0.0917,Low,87.2120,8.0005,4,Pays 14 days late on average,Only 8 SKUs per order (typical healthy: 10),No rep visit for 46 days,Agree a payment plan with Finance before pushing new stock
155.0000,Revenue lane,OUT-10455,Mini Market Sinar Abadi Timur 5,Minimarket,Jabodetabek,Jakarta Timur,SR-JKT-14,Nanda,0.1092,Low,72.0840,7.8714,20,No order for 20 days,Pays 11 days late on average,2 complaint(s) in 90 days,Call this week to confirm next order; check shelf stock
156.0000,Revenue lane,OUT-10268,Mini Market Mekar Sari Barat,Minimarket,Jabodetabek,Jakarta Barat,SR-JKT-12,Lukman,0.0594,Low,131.1880,7.7969,23,No order for 23 days,1 rep visits in 60 days,No rep visit for 28 days,Call this week to confirm next order; check shelf stock
157.0000,Revenue lane,OUT-11704,Toko Maju Jaya Malang 1,Warung,Jawa Timur,Malang,SR-JTM-09,Putri,0.8468,High,9.1440,7.7431,75,No order for 75 days,Only 2 orders in 90 days (typical healthy: 10),Only 3 SKUs per order (typical healthy: 10),Call this week to confirm next order; check shelf stock
158.0000,Revenue lane,OUT-11318,Mini Market Bintang Timur 1,Minimarket,Jabodetabek,Tangerang,SR-JKT-04,Dewi,0.0943,Low,81.9840,7.7280,17,No order for 17 days,Only 7 SKUs per order (typical healthy: 10),Pays 10 days late on average,Call this week to confirm next order; check shelf stock
159.0000,Revenue lane,OUT-10315,Mini Market Maju Jaya,Minimarket,Jawa Barat,Cimahi,SR-JBR-06,Bayu,0.0745,Low,103.3040,7.6937,35,No order for 35 days,1 complaint(s) in 90 days,Pays 4 days late on average,Call this week to confirm next order; check shelf stock
160.0000,Revenue lane,OUT-10058,Mini Market Mulia Semarang 4,Minimarket,Jawa Tengah,Semarang,SR-JTG-05,Budi,0.1472,Low,50.7200,7.4683,35,No order for 35 days,Pays 17 days late on average,Only 8 SKUs per order (typical healthy: 10),Call this week to confirm next order; check shelf stock
161.0000,Warung lane,OUT-11212,Toko Pelita 1,Warung,Sumatera Utara,Pematangsiantar,SR-SMU-06,Bayu,0.6664,High,10.9520,7.2982,68,No order for 68 days,Only 3 SKUs per order (typical healthy: 10),Only 3 orders in 90 days (typical healthy: 10),Call this week to confirm next order; check shelf stock
162.0000,Warung lane,OUT-10715,Toko Mekar Sari Malang,Warung,Jawa Timur,Malang,SR-JTM-01,Gita,0.7640,High,8.6560,6.6130,70,Only 1 orders in 90 days (typical healthy: 10),No order for 70 days,Only 3 SKUs per order (typical healthy: 10),Call this week to confirm next order; check shelf stock
163.0000,Warung lane,OUT-11744,Toko Sumber Rezeki Makassar,Warung,Sulawesi Selatan,Makassar,SR-SLS-02,Fitri,0.5621,High,10.0960,5.6748,70,No order for 70 days,Only 3 SKUs per order (typical healthy: 10),Only 3 orders in 90 days (typical healthy: 10),Call this week to confirm next order; check shelf stock
164.0000,Warung lane,OUT-11496,Warung Cahaya Kediri 8,Warung,Jawa Timur,Kediri,SR-JTM-01,Gita,0.6507,High,7.5040,4.8830,62,No order for 62 days,Only 3 orders in 90 days (typical healthy: 10),Only 4 SKUs per order (typical healthy: 10),Call this week to confirm next order; check shelf stock
165.0000,Warung lane,OUT-11637,Toko Indah Cirebon,Warung,Jawa Barat,Cirebon,SR-JBR-08,Fitri,0.8495,High,5.2600,4.4683,77,Only 1 orders in 90 days (typical healthy: 10),No order for 77 days,Only 3 SKUs per order (typical healthy: 10),Call this week to confirm next order; check shelf stock
166.0000,Warung lane,OUT-10638,Warung Mekar Sari 1,Warung,Jawa Timur,Surabaya,SR-JTM-09,Putri,0.6604,High,6.5520,4.3271,64,No order for 64 days,Only 2 orders in 90 days (typical healthy: 10),Pays 28 days late on average,Call this week to confirm next order; check shelf stock
167.0000,Warung lane,OUT-10427,Toko Tunas Baru 2,Warung,Jabodetabek,Tangerang,SR-JKT-12,Lukman,0.8147,High,5.2520,4.2789,48,Only 1 orders in 90 days (typical healthy: 10),Only 1 SKUs per order (typical healthy: 10),No order for 48 days,Call this week to confirm next order; check shelf stock
168.0000,Warung lane,OUT-10137,Toko Rukun Makassar 7,Warung,Sulawesi Selatan,Makassar,SR-SLS-01,Dimas,0.7528,High,5.0800,3.8240,88,No order for 88 days,Only 2 orders in 90 days (typical healthy: 10),Only 4 SKUs per order (typical healthy: 10),Call this week to confirm next order; check shelf stock
169.0000,Warung lane,OUT-10242,Warung Indah Surabaya,Warung,Jawa Timur,Surabaya,SR-JTM-04,Joko,0.8898,High,3.8520,3.4274,85,Only 1 orders in 90 days (typical healthy: 10),No order for 85 days,Pays 33 days late on average,Call this week to confirm next order; check shelf stock
170.0000,Warung lane,OUT-11772,Toko Rukun Gresik,Warung,Jawa Timur,Gresik,SR-JTM-02,Hendra,0.8356,High,4.0680,3.3993,89,No order for 89 days,Only 2 orders in 90 days (typical healthy: 10),Only 4 SKUs per order (typical healthy: 10),Call this week to confirm next order; check shelf stock
171.0000,Warung lane,OUT-10068,Toko Sentosa,Warung,Jawa Barat,Cirebon,SR-JBR-11,Rina,0.7223,High,4.6720,3.3744,39,Only 1 orders in 90 days (typical healthy: 10),Only 2 SKUs per order (typical healthy: 10),No order for 39 days,Call this week to confirm next order; check shelf stock
172.0000,Warung lane,OUT-11696,Toko Mitra Usaha Semarang,Warung,Jawa Tengah,Semarang,SR-JTG-07,Dewi,0.6953,High,4.8240,3.3543,62,No order for 62 days,Only 2 orders in 90 days (typical healthy: 10),Only 2 SKUs per order (typical healthy: 10),Call this week to confirm next order; check shelf stock
173.0000,Warung lane,OUT-12494,Warung Mitra Usaha Maros 6,Warung,Sulawesi Selatan,Maros,SR-SLS-01,Dimas,0.8952,High,3.6480,3.2657,77,Only 1 orders in 90 days (typical healthy: 10),No order for 77 days,Only 1 SKUs per order (typical healthy: 10),Call this week to confirm next order; check shelf stock
174.0000,Warung lane,OUT-11377,Toko Sentosa 2,Warung,Jawa Timur,Kediri,SR-JTM-06,Lukman,0.8533,High,3.5080,2.9932,35,Only 1 orders in 90 days (typical healthy: 10),Only 2 SKUs per order (typical healthy: 10),No order for 35 days,Call this week to confirm next order; check shelf stock
175.0000,Warung lane,OUT-12469,Toko Tunas Baru Magelang 2,Warung,Jawa Tengah,Magelang,SR-JTG-02,Yudi,0.8771,High,3.3080,2.9015,82,Only 1 orders in 90 days (typical healthy: 10),No order for 82 days,Only 1 SKUs per order (typical healthy: 10),Call this week to confirm next order; check shelf stock
176.0000,Warung lane,OUT-12196,Warung Subur Kediri 7,Warung,Jawa Timur,Kediri,SR-JTM-08,Nanda,0.8738,High,3.2960,2.8802,61,Only 1 orders in 90 days (typical healthy: 10),No order for 61 days,Only 3 SKUs per order (typical healthy: 10),Call this week to confirm next order; check shelf stock
177.0000,Warung lane,OUT-11181,Warung Indah Kediri,Warung,Jawa Timur,Kediri,SR-JTM-04,Joko,0.5457,High,5.2040,2.8396,46,No order for 46 days,Only 3 orders in 90 days (typical healthy: 10),Only 5 SKUs per order (typical healthy: 10),Call this week to confirm next order; check shelf stock
178.0000,Warung lane,OUT-11299,Warung Sentosa Gresik,Warung,Jawa Timur,Gresik,SR-JTM-04,Joko,0.6169,High,4.5360,2.7983,38,Only 2 orders in 90 days (typical healthy: 10),No order for 38 days,Only 4 SKUs per order (typical healthy: 10),Call this week to confirm next order; check shelf stock
179.0000,Warung lane,OUT-11271,Toko Subur Makassar 2,Warung,Sulawesi Selatan,Makassar,SR-SLS-04,Irma,0.6098,High,4.5560,2.7783,63,No order for 63 days,Only 2 orders in 90 days (typical healthy: 10),Only 4 SKUs per order (typical healthy: 10),Call this week to confirm next order; check shelf stock
180.0000,Warung lane,OUT-11402,Toko Sejahtera Depok 4,Warung,Jabodetabek,Depok,SR-JKT-07,Gita,0.7066,High,3.7520,2.6512,64,No order for 64 days,Only 2 orders in 90 days (typical healthy: 10),Only 4 SKUs per order (typical healthy: 10),Call this week to confirm next order; check shelf stock
181.0000,Warung lane,OUT-11439,Warung Subur Makassar,Warung,Sulawesi Selatan,Makassar,SR-SLS-01,Dimas,0.5639,High,4.6160,2.6032,45,Only 2 orders in 90 days (typical healthy: 10),No order for 45 days,Only 4 SKUs per order (typical healthy: 10),Call this week to confirm next order; check shelf stock
182.0000,Warung lane,OUT-11623,Toko Berkah Gresik,Warung,Jawa Timur,Gresik,SR-JTM-05,Kartika,0.8430,High,2.9240,2.4649,72,Only 1 orders in 90 days (typical healthy: 10),No order for 72 days,Only 2 SKUs per order (typical healthy: 10),Call this week to confirm next order; check shelf stock
183.0000,Warung lane,OUT-11044,Warung Sejahtera 1,Warung,Jawa Timur,Surabaya,SR-JTM-09,Putri,0.6646,High,3.6160,2.4032,28,Only 1 orders in 90 days (typical healthy: 10),Only 2 SKUs per order (typical healthy: 10),No order for 28 days,Call this week to confirm next order; check shelf stock
184.0000,Warung lane,OUT-12291,Warung Tunas Baru Parepare 2,Warung,Sulawesi Selatan,Parepare,SR-SLS-05,Rina,0.6077,High,3.6400,2.2119,63,No order for 63 days,Only 2 orders in 90 days (typical healthy: 10),Only 3 SKUs per order (typical healthy: 10),Call this week to confirm next order; check shelf stock
185.0000,Warung lane,OUT-10819,Warung Pelita Solo,Warung,Jawa Tengah,Solo,SR-JTG-06,Citra,0.5543,High,3.9240,2.1750,74,Only 1 orders in 90 days (typical healthy: 10),No order for 74 days,Only 8 SKUs per order (typical healthy: 10),Call this week to confirm next order; check shelf stock
186.0000,Warung lane,OUT-11266,Warung Lancar Sidoarjo 8,Warung,Jawa Timur,Sidoarjo,SR-JTM-10,Rizky,0.8299,High,2.6040,2.1609,83,Only 1 orders in 90 days (typical healthy: 10),No order for 83 days,Only 5 SKUs per order (typical healthy: 10),Call this week to confirm next order; check shelf stock
187.0000,Warung lane,OUT-11884,Warung Anugerah 8,Warung,Jawa Timur,Surabaya,SR-JTM-03,Indra,0.9333,High,2.2960,2.1428,67,Only 1 orders in 90 days (typical healthy: 10),No order for 67 days,Only 1 SKUs per order (typical healthy: 10),Call this week to confirm next order; check shelf stock
188.0000,Warung lane,OUT-12260,Toko Maju Jaya Cimahi,Warung,Jawa Barat,Cimahi,SR-JBR-03,Wulan,0.5655,High,3.7040,2.0947,43,Only 1 orders in 90 days (typical healthy: 10),No order for 43 days,Only 4 SKUs per order (typical healthy: 10),Call this week to confirm next order; check shelf stock
189.0000,Warung lane,OUT-10365,Toko Makmur Gresik,Warung,Jawa Timur,Gresik,SR-JTM-10,Rizky,0.8001,High,2.4360,1.9489,71,Only 1 orders in 90 days (typical healthy: 10),No order for 71 days,Only 5 SKUs per order (typical healthy: 10),Call this week to confirm next order; check shelf stock
190.0000,Warung lane,OUT-11974,Warung Barokah Tasikmalaya 8,Warung,Jawa Barat,Tasikmalaya,SR-JBR-08,Fitri,0.5370,High,3.4560,1.8560,39,Only 1 orders in 90 days (typical healthy: 10),No order for 39 days,Only 3 SKUs per order (typical healthy: 10),Call this week to confirm next order; check shelf stock
191.0000,Warung lane,OUT-10609,Warung Pelita Sidoarjo,Warung,Jawa Timur,Sidoarjo,SR-JTM-05,Kartika,0.8601,High,2.1400,1.8407,78,Only 1 orders in 90 days (typical healthy: 10),No order for 78 days,Only 1 SKUs per order (typical healthy: 10),Call this week to confirm next order; check shelf stock
192.0000,Warung lane,OUT-10251,Warung Maju Jaya Malang 7,Warung,Jawa Timur,Malang,SR-JTM-01,Gita,0.8250,High,2.0160,1.6631,70,Only 1 orders in 90 days (typical healthy: 10),No order for 70 days,Only 4 SKUs per order (typical healthy: 10),Call this week to confirm next order; check shelf stock
193.0000,Warung lane,OUT-12176,Toko Sumber Rezeki Purwokerto 8,Warung,Jawa Tengah,Purwokerto,SR-JTG-02,Yudi,0.7972,High,2.0640,1.6454,42,Only 1 orders in 90 days (typical healthy: 10),Only 1 SKUs per order (typical healthy: 10),No order for 42 days,Call this week to confirm next order; check shelf stock
194.0000,Warung lane,OUT-12308,Toko Karya Mandiri Cirebon,Warung,Jawa Barat,Cirebon,SR-JBR-05,Agus,0.8829,High,1.8360,1.6210,85,Only 1 orders in 90 days (typical healthy: 10),No order for 85 days,Only 1 SKUs per order (typical healthy: 10),Call this week to confirm next order; check shelf stock
195.0000,Warung lane,OUT-10467,Toko Subur 3,Warung,Jawa Timur,Sidoarjo,SR-JTM-09,Putri,0.8667,High,1.8680,1.6190,67,Only 1 orders in 90 days (typical healthy: 10),No order for 67 days,Only 3 SKUs per order (typical healthy: 10),Call this week to confirm next order; check shelf stock
196.0000,Warung lane,OUT-10534,Toko Makmur Kediri 2,Warung,Jawa Timur,Kediri,SR-JTM-07,Maya,0.8216,High,1.8760,1.5414,30,Only 1 orders in 90 days (typical healthy: 10),Only 2 SKUs per order (typical healthy: 10),Pays 50 days late on average,Call this week to confirm next order; check shelf stock
197.0000,Warung lane,OUT-11191,Warung Mulia Bandung 4,Warung,Jawa Barat,Bandung,SR-JBR-10,Irma,0.8203,High,1.8320,1.5027,78,Only 1 orders in 90 days (typical healthy: 10),No order for 78 days,Only 1 SKUs per order (typical healthy: 10),Call this week to confirm next order; check shelf stock
198.0000,Warung lane,OUT-10244,Warung Harapan Baru 1,Warung,Jawa Tengah,Pekalongan,SR-JTG-09,Fajar,0.8705,High,1.3840,1.2048,83,Only 1 orders in 90 days (typical healthy: 10),No order for 83 days,Pays 41 days late on average,Call this week to confirm next order; check shelf stock
199.0000,Warung lane,OUT-11614,Toko Subur Tasikmalaya,Warung,Jawa Barat,Tasikmalaya,SR-JBR-01,Sari,0.8123,High,0.9880,0.8025,87,Only 1 orders in 90 days (typical healthy: 10),No order for 87 days,Only 1 SKUs per order (typical healthy: 10),Call this week to confirm next order; check shelf stock
200.0000,Warung lane,OUT-11297,Toko Segar Jaya Depok,Warung,Jabodetabek,Depok,SR-JKT-12,Lukman,0.5310,High,1.0640,0.5649,87,Only 1 orders in 90 days (typical healthy: 10),No order for 87 days,Only 7 SKUs per order (typical healthy: 10),Call this week to confirm next order; check shelf stock
